1st_norm,2nd_norm,3rd_norm,pitch,pitch_con,tone,sort
7.8886914992075425,2.920656384853052,-29.375192649456675,120.63873899581097,zhong_3_117,3,117
-1057.9211384477928,2884.7173242777317,-2459.2059045060078,740.0140616125691,zhong_3_110,3,110
-29.929044445089776,37.47929316707555,-2.010135069666388,102.05831778388017,zhong_2_23,2,23
-15.30429245543052,12.63387252484009,-9.46325019450507,145.86863456924522,zhong_4_75,4,75
-59.355947549830894,106.30993348076431,-54.83279340240582,124.86054205270082,zhong_2_164,2,164
16.692528381605687,-8.826216663671234,-11.470496743357938,114.8028463693383,zhong_2_8,2,8
-40.49151535278011,40.75899736649833,14.183088474760945,117.97410977288628,zhong_2_162,2,162
-86.85910270080156,186.79331749409553,-116.20059441265546,116.09485652148382,zhong_3_210,3,210
-19.872069475855557,20.281373173388133,-17.710411443361924,109.98089925358484,zhong_3_213,3,213
-73.83871449540041,106.52622644465166,-36.180227237248246,126.9669886707985,zhong_2_2,2,2
205.7684596159387,-437.7453575617698,287.6172670935076,59.93478468108192,zhong_4_182,4,182
-11.961767498480103,14.01384789839918,1.4220863518272444,111.9117679823586,zhong_2_7,2,7
17.842523273030505,-18.78931977187008,7.180256950094625,105.38435952960269,zhong_2_6,2,6
3.430480658103572,5.826269994691168,-24.55418641085915,114.62404713251286,zhong_3_219,3,219
9.540025171327976,-28.561805573190817,13.035507653677861,111.6780208526885,zhong_4_9,4,9
38.16902690425693,-55.18776231939968,-5.581551132780461,129.07263398066627,zhong_4_300,4,300
-36.29949135852252,64.24616203686432,-25.733090996160378,118.6889891667217,zhong_2_281,2,281
3.828601035294092,-0.09313035294114812,-6.45895908235283,130.40589779999982,zhong_3_68,3,68
-15.63760918772025,-6.1082143420054535,28.684854276492704,115.7330838159527,zhong_2_284,2,284
-1.0987615775167692,1.883021123350454,-27.298018957654385,123.69012792763971,zhong_3_65,3,65
4.988577127315175,-13.437478743023027,9.980610996846794,117.50441351229537,zhong_1_195,1,195
27.8176571285201,-29.57411393219338,29.226531104287755,106.24273137504291,zhong_2_288,2,288
25.041080227446177,-87.59499733392337,74.2751282262643,111.7389172964553,zhong_2_302,2,302
9.463991481195007,13.282654140432674,-25.66799009865163,121.49128941812855,zhong_1_54,1,54
41.44082479705441,-52.62122528212405,1.6921169987579143,118.63177246173055,zhong_3_292,3,292
-14.750253656750711,5.720768061011585,18.153777377780564,104.21768410625532,zhong_2_209,2,209
-2.447271653600714,-6.602110401626321,14.982941043708273,114.32312354745797,zhong_2_57,2,57
29.35841176934142,-58.78544094404303,32.78253007171815,125.63296295599325,zhong_4_203,4,203
-76.42715543275935,123.80275547071612,-35.2060057108009,108.68760210243317,zhong_2_39,2,39
-16.856932272503837,12.819568008738319,-8.646874305428058,141.88933659003402,zhong_4_83,4,83
45.88961520014934,-63.702838303011696,6.002150301659022,129.02926506235244,zhong_4_84,4,84
22.334310424689036,-44.666891718941436,20.481500969636336,106.02168363176678,zhong_2_31,2,31
-13.715250881388709,18.013549561498774,-1.1633569186308041,99.57560626704145,zhong_2_30,2,30
-9.17536003785895,21.929689721906044,-10.60721841083968,106.00604054418254,zhong_2_32,2,32
-21.27322626129985,42.00639488586007,-18.037403048721703,115.8302263309135,zhong_2_34,2,34
-2.620432041034311,34.757792158161315,-18.817840975041225,106.34816696830796,zhong_2_37,2,37
-173.46987580146114,306.4891500497514,-159.99956046439996,155.48539656010206,zhong_1_160,1,160
-11.665888182835898,7.687899630225577,9.821063495031968,96.43570184093493,zhong_1_22,1,22
53.28799944756751,-72.30736048538824,1.6630018915117541,123.48498735897012,zhong_3_286,3,286
-8.074420020049702,-3.3382477144904303,26.069406211230156,103.48314659392472,zhong_2_227,2,227
1.6451709394521064,8.62647183244566,-6.917471864846548,99.1588261582366,zhong_2_113,2,113
22.190729675804867,-34.506090710879285,0.0487388537427665,117.68321600379831,zhong_3_51,3,51
-9.461895088215227,6.69138266110778,0.2238530856450552,139.77550535736884,zhong_4_241,4,241
-7.857955491525891,6.504804521973443,14.776366758761393,114.14010680445148,zhong_2_115,2,115
11.17623969987119,-4.136396559066478,4.847952071238896,101.03297668687316,zhong_2_297,2,297
4.633390794361481,-4.650813321618916,-5.894654372742597,110.07225444089374,zhong_3_59,3,59
-28.026106557919196,137.03876104903853,-135.4679353409563,136.42301700509213,zhong_3_289,3,289
-6.234573660135196,-31.342147574748118,44.26003537181242,112.98027675645555,zhong_4_298,4,298
8.386541984377851,-11.438843141230315,7.3346731104710985,121.94096968321355,zhong_1_128,1,128
-32.635328824725065,78.3010052851604,-57.25788158236554,117.46815261220965,zhong_2_199,2,199
-1.732368421723483,0.08901808057883664,-6.312127877050332,119.1163668359843,zhong_4_196,4,196
2.435584257339716,-3.2571417925936013,-12.152358583122304,132.57550520763124,zhong_4_190,4,190
-67.21735844885568,107.47189576781864,-19.58745114952781,101.78551564743537,zhong_2_211,2,211
-30.3981037431053,24.163665617536942,17.24469214903665,112.61155937365511,zhong_1_123,1,123
-57.903364758564734,117.58643543524464,-41.21974512369279,103.87304265796972,zhong_2_215,2,215
-33.56980824456965,38.45496235489426,-1.0957773215046902,122.62189326943911,zhong_2_217,2,217
-115.21874770299456,133.37230388459278,-40.73101096084472,136.86045324809615,zhong_4_278,4,278
0.10973453690937282,-20.43827218551075,15.642328095042314,121.63071829243883,zhong_4_176,4,176
-1.143269975323704,6.087702756997303,-19.29126652297698,136.2177478785706,zhong_4_174,4,174
-17.142675981443777,65.72152412678957,-70.89293449865278,171.21469318897294,zhong_4_319,4,319
216.09863731300572,-329.2483561655618,84.21090473087175,136.21384412923194,zhong_4_97,4,97
-33.69517451347475,13.017965483686076,2.3422135918581573,129.79420252570628,zhong_3_274,3,274
-8.106449293913988,18.34231240909818,-29.366181062261177,122.93493211864538,zhong_4_179,4,179
-134.1540690114427,239.70558720237406,-135.0319667393799,135.70371225431865,zhong_4_178,4,178
-36.46575684713215,53.53366474778169,-32.75333346223276,120.54503715435398,zhong_3_170,3,170
-97.91293170436168,116.11140287355748,-7.67742592286849,107.07630593894008,zhong_2_290,2,290
3.9856461484143226,-9.714567044317961,0.20174905222078296,107.24472027158079,zhong_4_11,4,11
-2.0145630375807855,45.46982216125179,-67.05353765905794,125.75292353434635,zhong_3_269,3,269
-3.7643626833217034,-3.3386467135481275,23.316134825716862,119.85179621447764,zhong_1_233,1,233
-4.450077490647079,11.59502859350333,-9.974645231545693,118.29028248528088,zhong_1_56,1,56
32.21483683141877,-44.326241069026395,-1.6527961740971477,121.52510101984423,zhong_3_41,3,41
-6.520245230578779,23.26861555598646,-18.626637085645935,118.80824716358225,zhong_1_55,1,55
7.250220717727578,-19.27098606638509,12.802494363225282,115.97238185167012,zhong_2_108,2,108
20.716270813520406,-19.560789718495997,-16.82266651602388,122.15928143149343,zhong_3_192,3,192
-86.11566647028755,132.35717239939353,-60.964707714123115,122.84576004844213,zhong_2_198,2,198
-22.730124196146157,56.67612037808775,-48.31742691829998,115.92389101651672,zhong_2_225,2,225
-26.707458209931442,36.27773668758656,-18.347601948798967,116.55292743298574,zhong_2_224,2,224
-14.977139760975902,13.349660061531402,-0.012271960158157609,127.2903460869691,zhong_1_134,1,134
48.10528416963096,-113.0405328567776,59.947796058332806,125.37195302271724,zhong_1_135,1,135
34.69919279882998,-62.47801337743778,27.600532235835008,125.60524410591323,zhong_1_130,1,130
-19.0041756010127,9.306045601810386,14.321249171059257,127.55500712834258,zhong_1_326,1,326
-36.74940753414468,96.07546402219775,-62.603665288621904,119.35946124136785,zhong_2_283,2,283
11.741466857054851,-9.07225637396806,-3.126681771446673,106.53550363035387,zhong_2_10,2,10
18.320998790056617,-40.138021866318674,25.625059837272406,98.4100089894768,zhong_2_16,2,16
-5.790952359852791,17.495492431228314,-7.143812222097934,94.23376218682206,zhong_2_14,2,14
3.756690076373583,-77.0654271358796,73.26035394337204,145.79660325888494,zhong_4_168,4,168
20.747410899930227,-40.356506603876014,8.264796801666598,118.13100811712101,zhong_3_267,3,267
25.67464908507712,-43.94412824045576,13.38445132341034,134.81435547947342,zhong_1_154,1,154
-33.867524515401705,70.17732256961105,-92.26914602787053,141.16072683845252,zhong_4_328,4,328
-99.29019173683216,173.96709417286857,-99.61594989612861,159.48386095523918,zhong_1_156,1,156
-45.90091197765975,31.69974578718272,-19.230694659375583,138.25173924120472,zhong_4_242,4,242
27.272586038861093,-28.733565821443836,-19.83592081863988,117.8734996561676,zhong_3_146,3,146
33.27776870602264,-56.348489524727185,11.086502949457284,115.59220103778433,zhong_3_304,3,304
1.1651353424058466,-6.06495791063065,-3.6789715034871926,109.50305660262401,zhong_3_149,3,149
20.14818073742777,-29.815256278618897,4.804005989024684,102.06930757459504,zhong_4_21,4,21
-87.85329643280203,157.37436453005424,-74.2027924369886,122.47798268806974,zhong_2_137,2,137
2.538939769724916,-7.5195025599225005,9.599334926805845,114.61469055698602,zhong_1_45,1,45
9.167923760189476,1.5515070180140231,7.5353143314456315,101.64910083151473,zhong_2_232,2,232
-1.3772384619218323,-15.121729195910833,3.372655913406552,113.9865069050971,zhong_3_295,3,295
5.340769017771333,-19.033129470677487,14.633418315030603,121.68809964122372,zhong_1_216,1,216
-26.151742815458203,14.240829898611814,23.33278998399992,114.96367238312902,zhong_2_88,2,88
5.0767007046463775,-0.6258765824423613,-17.001965063601773,113.77509294599984,zhong_3_251,3,251
-24.23608014294717,37.9862501739967,-12.128967095911946,129.4446979486799,zhong_2_67,2,67
17.16268875547444,-58.58461754744121,13.87039133897348,116.25403718804179,zhong_3_253,3,253
25.839657919941107,-48.512584426160124,10.785661102418919,116.25953444165741,zhong_3_258,3,258
-51.029579879469274,118.01489252088915,-80.4954483160573,123.10529512341941,zhong_3_90,3,90
-33.07146211498371,71.35638488795429,-62.21645776069853,132.6197886303402,zhong_3_157,3,157
36.969330609914586,-66.89082180630315,14.26109769638851,113.578625823896,zhong_3_93,3,93
-63.56740759003086,67.42338007181024,-28.360724201139167,121.14577384153382,zhong_4_35,4,35
20.852256918066786,-50.32692076144406,39.308465743377226,110.38520701773393,zhong_3_317,3,317
50.7154789881484,-83.07790453343699,20.292049066409895,119.79144267395125,zhong_4_38,4,38
-32.473817330580204,76.85920624839576,-47.19291301578291,125.03166996277744,zhong_2_125,2,125
-34.742346785601505,61.80557011275698,-28.93942114379992,148.3223140123755,zhong_1_74,1,74
-44.56888842389785,41.8916903013209,21.910649649437595,108.52874084616326,zhong_2_98,2,98
-24.374196754096896,28.679369537633065,-0.36570396034693764,123.32852063037983,zhong_1_311,1,311
-15.174731629971175,42.38405876646772,-8.722878570794222,106.86956990175452,zhong_2_95,2,95
-31.91195129736781,40.887462061735924,-13.479966233003502,122.2619028523564,zhong_2_246,2,246
-345.6158493188685,557.3219059740627,-252.26496362606827,159.34551523375472,zhong_2_245,2,245
6.473934650121168,0.6471185270986592,-15.298880177219864,111.52224963268205,zhong_3_25,3,25
21.975453210285238,-29.007371563440618,-5.9688371314509565,105.15714507888916,zhong_3_28,3,28
-25.09092061657739,33.88722526967445,-14.62964418529918,117.00038099013396,zhong_3_247,3,247
-42.64414009447967,66.75456412584282,-15.91037987638966,128.92255166670432,zhong_2_77,2,77
142.3168758203371,-270.67163765524157,93.24078832766074,140.94161982327623,zhong_4_222,4,222
14.201047927917747,-14.873622158040778,7.757422812392541,135.48894975672795,zhong_4_221,4,221
-30.09072884584037,13.794357898468833,32.9898498081218,109.91837923697673,zhong_2_72,2,72
-7.157357038655958,31.22281106560695,-26.00564023488507,114.57370250195436,zhong_3_122,3,122
-6.980265470694299,8.608061753944673,-12.742044587390781,119.317823992264,zhong_4_46,4,46
25.11158506095463,-45.96773615592038,7.523668594965628,129.0300445,zhong_3_321,3,321
13.790208391832962,-7.295951927302821,-28.380048467622874,118.96543643634236,zhong_3_271,3,271
-29.032259763927314,12.751915054997946,16.67249309361927,115.87633616253305,zhong_2_158,2,158
-11.676786321143656,27.748430460404517,-22.221336627950958,135.2907962154106,zhong_1_63,1,63
10.117937172346098,-9.689295321099104,-0.7971462414552287,127.10008874421135,zhong_4_325,4,325
-126.0764818582139,200.41621263116483,-81.22445931615893,144.29597032603263,zhong_4_277,4,277
12.249296819003664,-10.116263157810954,-5.184337133956646,120.41229168789309,zhong_4_48,4,48
11.818648454022327,-40.89929127498448,23.21319610052623,129.75226422743097,zhong_1_64,1,64
-21.945719833212692,26.20466848541362,-12.694013323303894,115.019290877091,zhong_1_188,1,188
-61.7768503934319,82.71657086520257,-19.448291900142898,135.99832045635506,zhong_1_262,1,262
-17.60613144611677,19.551319841917977,-0.05348824285556739,126.32465058782742,zhong_2_256,2,256
-16.788495235020875,29.24342475218574,-35.07170629896737,113.14940242605695,zhong_4_315,4,315
-28.441696877184995,58.70635485319388,-28.617127640680994,114.47723730207822,zhong_2_252,2,252
-18.13424313153542,35.092942041269154,-52.67318536630371,139.8979468045253,zhong_4_314,4,314
-18.42912451801283,12.511892946265489,9.602377072829865,115.91391736473064,zhong_1_249,1,249
-22.337154321784755,45.58445782691227,-21.576703965600423,131.73796817142153,zhong_4_153,4,153
0.8654100247062622,-1.1035224970586917,-4.220273657647609,101.72298579999999,zhong_3_18,3,18
21.977837687494404,-23.464186277975422,7.705609198333559,117.61645824660258,zhong_2_310,2,310
57.44481618484286,-93.41903945634888,60.63405496314248,138.06282920550004,zhong_4_236,4,236
-29.505500726795027,59.8089756559787,-32.68296845462554,135.0980083582612,zhong_1_261,1,261
-6.539968431333263,21.295105211390158,-20.256279135081982,144.12209095713206,zhong_3_235,3,235
33.7445606843374,-39.87182745540785,-12.851534492597153,118.25767170612819,zhong_3_139,3,139
-1996.6465115084925,-398.7512938437734,2487.353436301001,30.647320276232854,zhong_3_136,3,136
15.238946409982361,-27.46311065217841,5.077632542195924,113.6768952000001,zhong_3_230,3,230
-13.141638213923835,29.31268126094868,-1.153259459277994,104.85572637812483,zhong_2_270,2,270
-11.340083388770953,38.114600260009844,-46.20960180024535,123.7764462009567,zhong_3_4,3,4
-32.412236749036474,48.758032018757,8.233412761045416,95.21802544189686,zhong_2_147,2,147
-18.543564423852796,15.101276877699455,0.6927404451765093,121.72705871058287,zhong_2_308,2,308
54.98371986504302,-84.8908710717204,22.74509206654556,128.87804848624984,zhong_3_238,3,238
-26.533260586910124,28.518013763789202,6.489573478458383,118.51525461587663,zhong_2_265,2,265
-36.52310318393041,32.870593766907604,18.2053261209825,127.96255220398422,zhong_1_96,1,96
17.665655850971905,-32.174573533598995,-1.1413817968227762,112.33114563646978,zhong_4_301,4,301
186.6513457769131,-332.41912750455333,141.84724125330948,120.0884006744438,zhong_4_309,4,309
22.472633224866915,-55.709829073986846,4.226288990657084,132.98485133493583,zhong_4_144,4,144
-76.78737572410927,139.49222797813218,-75.90243091147921,142.30152849577613,zhong_4_142,4,142
9.298496398954914,-3.2978731232757794,-5.3314808814196795,129.74687641534462,zhong_4_143,4,143
5.55222463860513,-8.199431916224205,-8.860549747550587,100.76577305295338,zhong_3_100,3,100
9.855480576882409,-28.881854888432294,15.727414095836345,111.19206613625741,zhong_3_201,3,201
-23.02272381140198,52.746601273861884,-44.62970290166786,111.61897987030243,zhong_3_104,3,104
12.63549237355741,-9.305395671865426,-19.077527108404748,127.96124806081808,zhong_4_120,4,120
41.633657459841714,-69.058220202005,23.801437347799215,119.38132857213502,zhong_4_61,4,61
8.375871970801189,-6.955411192582108,-9.351822687361315,130.8972117748155,zhong_4_127,4,127
0.4679604986344876,10.559056313102536,-6.618849403588499,106.9010916003802,zhong_3_189,3,189
-94.61794809531875,106.742785203076,-26.45906514543779,125.48043623239099,zhong_3_204,3,204
10.725550734967685,-14.752912508535346,8.294909345137107,104.451527164776,zhong_3_180,3,180
43.127569224994616,-65.00224866673102,-0.3398421674940585,141.42618306279152,zhong_4_264,4,264
1.6022542193417062,69.07672624746183,-78.37534970451016,120.4569894603265,zhong_3_184,3,184
-1904.1942430443983,3726.239654043328,-2234.325454891365,509.73296886136905,zhong_2_106,2,106
7.374836617076255,-15.242383865525616,-6.945983004286352,122.70876751914939,zhong_3_79,3,79
-21.587469211818824,38.683200091974776,-13.134581556300082,111.58233421398705,zhong_1_187,1,187
2.238274505773639,8.557089187112595,-10.70970613796924,116.2093442224546,zhong_2_107,2,107
1.0557555701519135,-19.604235162255634,21.530538089876515,126.6356983862957,zhong_2_273,2,273
-43.89525428973165,92.17064758212763,-69.36444667411664,125.51102351719344,zhong_3_207,3,207
23.868309867285497,-41.1826136105703,-11.628250233678148,138.31341660828548,zhong_3_71,3,71
-42.32157713652877,14.080925335393971,38.18759174516893,116.74458309553165,zhong_1_85,1,85
-8.400838588334373,0.7582220663594945,6.180419288393735,117.24010024083051,zhong_2_49,2,49
-34.412614844451014,43.1824155573489,8.435069263333078,123.2077664642407,zhong_1_82,1,82
11.291539458860978,-13.411048713532148,7.213348836628428,109.44477050028729,zhong_2_44,2,44
11.482024031123876,-23.86299728315882,12.898890754195254,122.65279054596498,zhong_3_166,3,166
