1st,2nd,3rd,pitch,pitch_con,tone,sort,duration,1st_norm,2nd_norm,3rd_norm,pitch,pitch_con,slope,height,strength,duration_raw,tone,prev_tone,this_tone,tone,sort
-29.11980142,57.28743764,-26.53216671,126.9669887,zhong_2_2,2,2,136.363636,-73.8387145,106.5262264,-36.18022724,126.9669887,zhong_2_2,-3,-0.854059385,28,141.9753062,2,empty,2,2,2
-13.038463,41.83098938,-48.41005875,123.7764462,zhong_3_4,3,4,95.454546,-11.34008339,38.11460026,-46.2096018,123.7764462,zhong_3_4,13,-2.444721467,49,176,3,2,3,3,4
7.036563032,-10.10447913,5.265521893,105.3843595,zhong_2_6,2,6,136.363633,17.84252327,-18.78931977,7.18025695,105.3843595,zhong_2_6,8,-2.528501104,50,148.3941704,2,5,2,2,6
-3.544227407,6.228376844,0.948057568,111.911768,zhong_2_7,2,7,150,-11.9617675,14.0138479,1.422086352,111.911768,zhong_2_7,-53,3.580441759,14,159.196675,2,2,2,2,7
3.809629074,-3.296210691,-7.009748166,114.8028464,zhong_2_8,2,8,163.63636,16.69252838,-8.826216664,-11.47049674,114.8028464,zhong_2_8,55,-7.529312019,14,170.3681718,2,2,2,2,8
5.160908904,-18.9628426,10.62152413,111.6780209,zhong_4_9,4,9,122.72728,9.540025171,-28.56180557,13.03550765,111.6780209,zhong_4_9,-16,-3.256244069,40,125.5942252,4,2,4,4,9
6.351833939,-6.023281591,-2.547666685,106.5355036,zhong_2_10,2,10,122.72727,11.74146686,-9.072256374,-3.126681771,106.5355036,zhong_2_10,2,-3.331335836,36,133.0583154,2,4,2,2,10
1.571820622,-5.224277999,0.147949301,107.2447203,zhong_4_11,4,11,136.36364,3.985646148,-9.714567044,0.201749052,107.2447203,zhong_4_11,-95,-2.088985993,20,138.152374,4,2,4,4,11
-2.283779844,9.408686539,-5.23879549,94.23376219,zhong_2_14,2,14,136.36364,-5.79095236,17.49549243,-7.143812222,94.23376219,zhong_2_14,58,-2.944061048,80,149.2563865,2,empty,2,2,14
14.11183378,-33.72708726,23.48963799,98.41000899,zhong_2_16,2,16,109.09091,18.32099879,-40.13802187,25.62505984,98.41000899,zhong_2_16,-11,-4.1949267,70,119.3293848,2,5,2,2,16
42.66154312,-14.83625482,-15.47434087,101.7229858,zhong_3_18,3,18,27.27272,0.865410025,-1.103522497,-4.220273658,101.7229858,zhong_3_18,64,-10.68532818,26,63.14683257,3,2,3,3,18
36.78632421,-44.53884161,5.871563006,102.0693076,zhong_4_21,4,21,81.81818,20.14818074,-29.81525628,4.804005989,102.0693076,zhong_4_21,91,-11.17690735,25,107.3071552,4,empty,4,4,21
-2.094074287,2.446379833,5.540087327,96.43570184,zhong_1_22,1,22,177.27272,-11.66588818,7.68789963,9.821063495,96.43570184,zhong_1_22,-2,-3.924914113,44,187.0728233,1,4,1,1,22
-11.80313,20.15553287,-1.47409912,102.0583178,zhong_2_23,2,23,136.36363,-29.92904445,37.47929317,-2.01013507,102.0583178,zhong_2_23,1,-2.736264356,48,148.7551106,2,1,2,2,23
39.89261312,2.175036837,-28.04794419,111.5222496,zhong_3_25,3,25,54.54546,6.47393465,0.647118527,-15.29888018,111.5222496,zhong_3_25,-6,-3.652252179,80,69.85178534,3,2,3,3,25
69.33176593,-62.39809425,-8.75429551,105.1571451,zhong_3_28,3,28,68.18181,21.97545321,-29.00737156,-5.968837131,105.1571451,zhong_3_28,68,-5.382555069,61,78.84575586,3,5,3,3,28
-4.063778039,8.006022027,-0.775571279,99.57560627,zhong_2_30,2,30,150,-13.71525088,18.01354956,-1.163356919,99.57560627,zhong_2_30,20,-3.462926884,36,173.8241291,2,3,2,2,30
17.20310557,-37.53259589,18.77470907,106.0216836,zhong_2_31,2,31,109.09091,22.33431042,-44.66689172,20.48150097,106.0216836,zhong_2_31,-3,-3.490421988,60,118.9278404,2,2,2,2,31
-0.883420421,4.60675766,-4.861641731,106.0060405,zhong_2_32,2,32,218.18182,-9.175360038,21.92968972,-10.60721841,106.0060405,zhong_2_32,14,0.47057796,5,227.2480305,2,2,2,2,32
-38.84041981,62.75029638,-22.04571533,115.8302263,zhong_2_34,2,34,81.81818,-21.27322626,42.00639489,-18.03740305,115.8302263,zhong_2_34,4,-1.418163368,80,86.53802472,2,empty,2,2,34
-4.298542641,11.19098585,-11.55436891,121.1457738,zhong_4_35,4,35,245.45455,-63.56740759,67.42338007,-28.3607242,121.1457738,zhong_4_35,-7,-4.610988025,12,265.8507941,4,2,4,4,35
-0.111588459,4.23854144,-6.571309463,106.348167,zhong_2_37,2,37,286.36364,-2.620432041,34.75779216,-18.81784098,106.348167,zhong_2_37,14,-1.35300259,28,301.5134198,2,empty,2,2,37
20.00068063,-44.6774485,14.88083559,119.7914427,zhong_4_38,4,38,136.36364,50.71547899,-83.07790453,20.29204907,119.7914427,zhong_4_38,14,-4.075488665,31,141.9219144,4,2,4,4,38
-10.98418587,33.96855681,-18.44124117,108.6876021,zhong_2_39,2,39,190.90909,-76.42715543,123.8027555,-35.20600571,108.6876021,zhong_2_39,-99,10.073179,13,203.4400356,2,4,2,2,39
101.6366089,-95.35066459,-2.424100991,121.525101,zhong_3_41,3,41,68.18182,32.21483683,-44.32624107,-1.652796174,121.525101,zhong_3_41,1,-3.067499959,80,72.57050816,3,2,3,3,41
12.98264712,-14.71870059,7.556841279,109.4447705,zhong_2_44,2,44,95.45455,11.29153946,-13.41104871,7.213348837,109.4447705,zhong_2_44,17,-2.939305435,22,127.1800607,2,5,2,2,44
8.010260298,-16.17528464,14.07902418,114.6146906,zhong_1_45,1,45,68.18182,2.53893977,-7.51950256,9.599334927,114.6146906,zhong_1_45,-16,-1.45861741,80,74.99962142,1,2,1,1,45
-1.252985777,2.739185904,-7.187819913,119.317824,zhong_4_46,4,46,177.27273,-6.980265471,8.608061754,-12.74204459,119.317824,zhong_4_46,-19,-2.925406448,29,187.0516832,4,1,4,4,46
14.08384558,-11.10265511,-5.431210072,120.4122917,zhong_4_48,4,48,95.45455,12.24929682,-10.11626316,-5.184337134,120.4122917,zhong_4_48,-13,-1.688951549,70,123.2211602,4,4,4,4,48
-15.33815762,1.132652767,7.553845965,117.2401002,zhong_2_49,2,49,81.81818,-8.400838588,0.758222066,6.180419288,117.2401002,zhong_2_49,-14,-1.611014554,80,92.1525062,2,4,2,2,49
136.7401323,-115.9788242,0.089354573,117.683216,zhong_3_51,3,51,54.54545,22.19072968,-34.50609071,0.048738854,117.683216,zhong_3_51,-35,-3.768197271,60,79.71993727,3,2,3,3,51
29.85855335,28.57247176,-37.64639,121.4912894,zhong_1_54,1,54,68.18181,9.463991481,13.28265414,-25.6679901,121.4912894,zhong_1_54,-41,-2.305825701,80,76.92268864,1,empty,1,1,54
-7.496767228,25.53743505,-19.51361887,118.8082472,zhong_1_55,1,55,95.45455,-6.520245231,23.26861556,-18.62663709,118.8082472,zhong_1_55,-1,-1.647626231,80,107.6917641,1,1,1,1,55
-1.318541479,5.153346042,-6.649763488,118.2902825,zhong_1_56,1,56,150,-4.450077491,11.59502859,-9.974645232,118.2902825,zhong_1_56,0,-1.890810467,56,163.4607134,1,1,1,1,56
-0.965131564,-3.550468592,10.98749061,114.3231235,zhong_2_57,2,57,136.36363,-2.447271654,-6.602110402,14.98294104,114.3231235,zhong_2_57,-24,-2.121409616,53,138.4608396,2,1,2,2,57
28.55111712,-15.6318972,-10.80686527,110.0722544,zhong_3_59,3,59,54.54546,4.633390794,-4.650813322,-5.894654373,110.0722544,zhong_3_59,95,-5.867847369,50,67.9515484,3,empty,3,3,59
32.06851661,-58.02808684,21.81798405,119.3813286,zhong_4_61,4,61,109.09091,41.63365746,-69.0582202,23.80143735,119.3813286,zhong_4_61,26,-0.657431074,61,117.780669,4,5,4,4,61
-71.9527682,93.26553928,-40.73911308,135.2907962,zhong_1_63,1,63,54.54546,-11.67678632,27.74843046,-22.22133663,135.2907962,zhong_1_63,-100,3.624242999,40,65.38428534,1,4,1,1,63
9.10336846,-34.36676501,21.27876291,129.7522642,zhong_1_64,1,64,109.09091,11.81864845,-40.89929127,23.2131961,129.7522642,zhong_1_64,-29,-0.647149423,70,115.384033,1,1,1,1,64
-0.594401974,1.250181432,-22.24283076,123.6901279,zhong_3_65,3,65,122.72727,-1.098761578,1.883021123,-27.29801896,123.6901279,zhong_3_65,59,-5.050848544,30,129.7614563,3,1,3,3,65
-27.86586162,41.69012094,-12.70653635,129.4446979,zhong_2_67,2,67,95.45455,-24.23608014,37.98625017,-12.1289671,129.4446979,zhong_2_67,-18,0.00771867,80,105.9027702,2,empty,2,2,67
188.736002,-1.252086524,-23.68285628,130.4058978,zhong_3_68,3,68,27.27272,3.828601035,-0.093130353,-6.458959082,130.4058978,zhong_3_68,-77,3.839184196,60,36.5382771,3,2,3,3,68
5.447310824,-15.37992549,-7.106152644,138.3134166,zhong_3_71,3,71,163.63637,23.86830987,-41.18261361,-11.62825023,138.3134166,zhong_3_71,-17,-2.59990602,41,171.3483855,3,empty,3,3,71
-6.867413481,5.151596222,20.16046299,109.9183792,zhong_2_72,2,72,163.63637,-30.09072885,13.7943579,32.98984981,109.9183792,zhong_2_72,9,0.703001321,60,171.8623098,2,3,2,2,72
-13.70135107,33.23766038,-21.22224161,148.322314,zhong_1_74,1,74,136.36364,-34.74234679,61.80557011,-28.93942114,148.322314,zhong_1_74,-2,2.187882385,80,160.8945741,1,empty,1,1,74
-3.49280022,4.718205113,-5.783097116,145.8686346,zhong_4_75,4,75,163.63637,-15.30429246,12.63387252,-9.463250195,145.8686346,zhong_4_75,-23,0.296249997,11,176.1184581,4,1,4,4,75
-16.81758398,35.89911924,-11.6676116,128.9225517,zhong_2_77,2,77,136.36364,-42.64414009,66.75456413,-15.91037988,128.9225517,zhong_2_77,-76,3.874634185,24,148.0761756,2,4,2,2,77
2.908416815,-8.197014886,-5.093720734,122.7087675,zhong_3_79,3,79,136.36364,7.374836617,-15.24238387,-6.945983004,122.7087675,zhong_3_79,-1,-2.033304852,75,178.5353847,3,empty,3,3,79
-10.19633032,19.19218469,5.623379509,123.2077665,zhong_1_82,1,82,150,-34.41261484,43.18241556,8.435069263,123.2077665,zhong_1_82,6,1.638250269,60,163.5844559,1,5,1,1,82
-6.647874092,6.894078428,-6.341040988,141.8893366,zhong_4_83,4,83,136.36364,-16.85693227,12.81956801,-8.646874305,141.8893366,zhong_4_83,-14,0.072158129,50,147.885886,4,1,4,4,83
10.4730936,-23.79025857,3.667980821,129.0292651,zhong_4_84,4,84,163.63636,45.8896152,-63.7028383,6.002150302,129.0292651,zhong_4_84,39,-7.395337219,13,163.9092628,4,4,4,4,84
-1.802221727,1.717099443,13.33534933,116.7445831,zhong_1_85,1,85,286.36364,-42.32157714,14.08092534,38.18759175,116.7445831,zhong_1_85,-12,-0.074123541,30,292.0184229,1,4,1,1,85
-7.748664538,6.329257733,15.55519332,114.9636724,zhong_2_88,2,88,150,-26.15174282,14.2408299,23.33278998,114.9636724,zhong_2_88,-27,-1.070138226,43,163.339917,2,5r,2,2,88
-20.12455271,63.46578326,-59.02999386,123.1052951,zhong_3_90,3,90,136.36364,-51.02957988,118.0148925,-80.49544832,123.1052951,zhong_3_90,11,-2.841786467,60,160,3,2,3,3,90
227.8063161,-224.8274394,26.14534316,113.5786258,zhong_3_93,3,93,54.54546,36.96933061,-66.89082181,14.2610977,113.5786258,zhong_3_93,-17,-2.852313849,63,80.80031659,3,empty,3,3,93
-1.773174535,10.13031276,-4.264518299,106.8695699,zhong_2_95,2,95,204.54546,-15.17473163,42.38405877,-8.722878571,106.8695699,zhong_2_95,21,-0.181574615,40,217.5867072,2,5,2,2,95
-8.335434427,12.27574698,11.12547732,127.9625522,zhong_1_96,1,96,163.63636,-36.52310318,32.87059377,18.20532612,127.9625522,zhong_1_96,-4,1.65430969,51,177.1889607,1,2,1,1,96
20.80637432,-69.16502445,38.59666612,136.2138441,zhong_4_97,4,97,218.18181,216.0986373,-329.2483562,84.21090473,136.2138441,zhong_4_97,59,-13.81068353,13,223.9284734,4,1,4,4,97
-13.20559657,18.61852902,14.60709977,108.5287408,zhong_2_98,2,98,150,-44.56888842,41.8916903,21.91064965,108.5287408,zhong_2_98,-5,-0.447970193,80,154.3335452,2,4,2,2,98
10.13718997,-12.24853464,-10.82956104,100.7657731,zhong_3_100,3,100,81.81818,5.552224639,-8.199431916,-8.860549748,100.7657731,zhong_3_100,96,-3.923719546,80,84.6149575,3,empty,3,3,100
-26.47078373,57.8896884,-46.75492462,111.6189799,zhong_3_104,3,104,95.45455,-23.02272381,52.74660127,-44.6297029,111.6189799,zhong_3_104,52,-4.349863253,41,123.4615041,3,empty,3,3,104
-1466.714395,3131.076324,-2048.13165,509.7329689,zhong_2_106,2,106,109.09091,-1904.194243,3726.239654,-2234.325455,509.7329689,zhong_2_106,-14,-2.320338938,60,112.1222479,2,3,2,2,106
0.663192446,3.80315075,-7.139804092,116.2093442,zhong_2_107,2,107,150,2.238274506,8.557089187,-10.70970614,116.2093442,zhong_2_107,2,-1.845632802,70,151.1363325,2,2,2,2,107
3.92218439,-12.79445497,10.43166231,115.9723819,zhong_2_108,2,108,122.72727,7.250220718,-19.27098607,12.80249436,115.9723819,zhong_2_108,-61,1.063821502,24,125.4788366,2,2,2,2,108
-572.3083388,1915.230792,-2003.797448,740.0140616,zhong_3_110,3,110,122.72727,-1057.921138,2884.717324,-2459.205905,740.0140616,zhong_3_110,-9,-5.206933986,30,141.8380577,3,5,3,3,110
0.487458056,3.833987481,-4.61164791,99.15882616,zhong_2_113,2,113,150,1.645170939,8.626471832,-6.917471865,99.15882616,zhong_2_113,5,-2.894815037,28,152.964886,2,empty,2,2,113
-6.052626445,5.465842598,13.54500275,114.1401068,zhong_2_115,2,115,109.09091,-7.857955492,6.504804522,14.77636676,114.1401068,zhong_2_115,-10,-0.759364085,70,122.0512618,2,empty,2,2,115
2.337390074,1.298069504,-19.58346177,120.638739,zhong_3_117,3,117,150,7.888691499,2.920656385,-29.37519265,120.638739,zhong_3_117,-24,-5.101382398,60,164.6747888,3,empty,3,3,117
39.86450727,-20.01693896,-27.98037235,127.9612481,zhong_4_120,4,120,68.18182,12.63549237,-9.305395672,-19.07752711,127.9612481,zhong_4_120,-54,-2.765707786,80,96.89211702,4,5,4,4,120
-2.82264932,16.79093306,-19.07080233,114.5737025,zhong_3_122,3,122,136.36364,-7.157357039,31.22281107,-26.00564023,114.5737025,zhong_3_122,5,-2.225433299,70,171.2818336,3,4,3,3,122
-23.41427955,20.30419091,15.80763434,112.6115594,zhong_1_123,1,123,109.09091,-30.39810374,24.16366562,17.24469215,112.6115594,zhong_1_123,-7,-0.490788194,70,119.5038182,1,3,1,1,123
-4.667168933,21.08835384,-24.72009741,125.03167,zhong_2_125,2,125,190.90909,-32.47381733,76.85920625,-47.19291302,125.03167,zhong_2_125,12,-0.860715173,40,207.6420245,2,1,2,2,125
51.6124462,-23.37791374,-17.14500969,130.8972118,zhong_4_127,4,127,54.54545,8.375871971,-6.955411193,-9.351822687,130.8972118,zhong_4_127,-26,-0.851882591,80,74.35977401,4,2,4,4,127
1.205322054,-3.138548828,3.841971648,121.9409697,zhong_1_128,1,128,190.90909,8.386541984,-11.43884314,7.33467311,121.9409697,zhong_1_128,1,-0.54906068,80,194.7467869,1,4,1,1,128
1.995091613,-9.307281706,10.65283697,125.6052441,zhong_1_130,1,130,259.09091,34.6991928,-62.47801338,27.60053224,125.6052441,zhong_1_130,-43,4.315333044,10,272.6359416,1,1,1,1,130
-2.152529242,3.662831934,-0.00642817,127.2903461,zhong_1_134,1,134,190.90909,-14.97713976,13.34966006,-0.01227196,127.2903461,zhong_1_134,-4,-0.245676317,80,194.6144624,1,empty,1,1,134
8.635092335,-35.97081934,33.81670495,125.371953,zhong_1_135,1,135,177.27273,48.10528417,-113.0405329,59.94779606,125.371953,zhong_1_135,-20,-1.278866157,73,183.6563845,1,1,1,1,135
-7.584236899,-9.707541209,388.0976998,30.64732028,zhong_3_136,3,136,640.90909,-1996.646512,-398.7512938,2487.353436,30.64732028,zhong_3_136,1,-1.145353376,19,649.7690911,3,1,3,3,136
-47.52637983,104.4844766,-60.461531,122.4779827,zhong_2_137,2,137,122.72728,-87.85329643,157.3743645,-74.20279244,122.4779827,zhong_2_137,14,-1.418608376,70,129.929935,2,3,2,2,137
61.61044344,-59.56162144,-15.7074314,118.2576717,zhong_3_139,3,139,81.81818,33.74456068,-39.87182746,-12.85153449,118.2576717,zhong_3_139,-18,-4.264622901,80,98.89913523,3,2,3,3,139
-30.28267004,75.01582738,-55.66178527,142.3015285,zhong_4_142,4,142,136.36363,-76.78737572,139.492228,-75.90243091,142.3015285,zhong_4_142,-4,0.167830637,80,142.306974,4,empty,4,4,142
3.667051175,-1.773522785,-3.909752542,129.7468764,zhong_4_143,4,143,136.36364,9.298496399,-3.297873123,-5.331480881,129.7468764,zhong_4_143,38,-1.627720537,20,143.7674455,4,4,4,4,143
1.803895736,-10.36661106,1.82310499,132.9848513,zhong_4_144,4,144,231.81819,22.47263322,-55.70982907,4.226288991,132.9848513,zhong_4_144,-23,-3.605342307,38,242.3965148,4,4,4,4,144
168.0547273,-96.57672344,-36.36585786,117.8734997,zhong_3_146,3,146,54.54545,27.27258604,-28.73356582,-19.83592082,117.8734997,zhong_3_146,80,-10.4037488,30,66.15954588,3,empty,3,3,146
-3.120709349,10.24257253,3.773647484,95.21802544,zhong_2_147,2,147,218.18182,-32.41223675,48.75803202,8.233412761,95.21802544,zhong_2_147,8,-1.259603834,31,221.8404541,2,3,2,2,147
2.127291144,-9.059999257,-4.496520826,109.5030566,zhong_3_149,3,149,81.81818,1.165135342,-6.064957911,-3.678971503,109.5030566,zhong_3_149,46,-2.37054987,80,96.1533608,3,empty,3,3,149
-25.68253809,50.02919612,-22.60416498,131.7379682,zhong_4_153,4,153,95.45455,-22.33715432,45.58445783,-21.57670397,131.7379682,zhong_4_153,-2,0.71563178,80,105.2338767,4,empty,4,4,153
13.88932996,-29.17552677,10.90584947,134.8143555,zhong_1_154,1,154,122.72727,25.67464909,-43.94412824,13.38445132,134.8143555,zhong_1_154,99,-4.823382508,20,129.9376764,1,4,1,1,154
-114.1606533,190.9298539,-104.3595616,159.483861,zhong_1_156,1,156,95.45455,-99.29019174,173.9670942,-99.6159499,159.483861,zhong_1_156,-37,0.37251187,80,119.3478287,1,1,1,1,156
-9.798951738,31.71394884,-41.47763851,132.6197886,zhong_3_157,3,157,150,-33.07146211,71.35638489,-62.21645776,132.6197886,zhong_3_157,-3,-2.418413197,68,159.2355768,3,1,3,3,157
-15.70571166,8.466292402,13.58499467,115.8763362,zhong_2_158,2,158,122.72727,-29.03225976,12.75191505,16.67249309,115.8763362,zhong_2_158,34,2.418637864,30,140.297598,2,3,2,2,158
-16.70199645,64.38400441,-73.33313127,155.4853966,zhong_1_160,1,160,218.18182,-173.4698758,306.48915,-159.9995605,155.4853966,zhong_1_160,1,0.489514478,80,218.4439447,1,2,1,1,160
-5.81948037,11.18330777,7.429236855,117.9741098,zhong_2_162,2,162,190.90909,-40.49151535,40.75899737,14.18308847,117.9741098,zhong_2_162,-13,0.257780684,37,202.5597577,2,5,2,2,162
-5.714899032,22.33246829,-25.13169677,124.8605421,zhong_2_164,2,164,218.18182,-59.35594755,106.3099335,-54.8327934,124.8605421,zhong_2_164,12,-1.017631289,40,226.9219315,2,2,2,2,164
13.20166012,-26.1897723,13.513123,122.6527905,zhong_3_166,3,166,95.45455,11.48202403,-23.86299728,12.89889075,122.6527905,zhong_3_166,3,0.012134761,37,102.5464091,3,empty,3,3,166
0.674341005,-24.52312004,41.32635287,145.7966033,zhong_4_168,4,168,177.27273,3.756690076,-77.06542714,73.26035394,145.7966033,zhong_4_168,-22,2.654273128,70,178.3304275,4,3,4,4,168
-28.08791733,44.9831481,-30.02388876,120.5450372,zhong_3_170,3,170,109.09091,-36.46575685,53.53366475,-32.75333346,120.5450372,zhong_3_170,18,-2.169943206,80,148.0087923,3,empty,3,3,170
-0.338746659,2.70564567,-12.86084435,136.2177479,zhong_4_174,4,174,150,-1.143269975,6.087702757,-19.29126652,136.2177479,zhong_4_174,-2,-1.83429633,21,168.2954317,4,5,4,4,174
0.015771155,-5.60777995,8.19360047,121.6307183,zhong_4_176,4,176,190.90909,0.109734537,-20.43827219,15.6423281,121.6307183,zhong_4_176,-15,-1.876428472,50,198.5712004,4,4,4,4,176
-39.74935378,106.5358165,-90.02131116,135.7037123,zhong_4_178,4,178,150,-134.154069,239.7055872,-135.0319667,135.7037123,zhong_4_178,0,-2.581621467,42,170.3457049,4,empty,4,4,178
-0.466094675,2.732434332,-11.33431546,122.9349321,zhong_4_179,4,179,259.09091,-8.106449294,18.34231241,-29.36618106,122.9349321,zhong_4_179,-12,-3.572753439,30,284.1247476,4,4,4,4,179
8.261404902,-12.39654433,7.603666836,104.4515272,zhong_3_180,3,180,109.09091,10.72555073,-14.75291251,8.294909345,104.4515272,zhong_3_180,20,-1.672673196,33,132.1555135,3,4,3,3,180
649.1918171,-941.6388523,421.8386472,59.93478468,zhong_4_182,4,182,68.18182,205.7684596,-437.7453576,287.6172671,59.93478468,zhong_4_182,-64,-15.60957225,12,83.45169977,4,3,4,4,182
1.842220695,75.81210731,-82.10751391,120.4569895,zhong_3_184,3,184,95.45454,1.602254219,69.07672625,-78.3753497,120.4569895,zhong_3_184,30,-3.230668704,80,98.29459211,3,empty,3,3,184
-3.875037704,12.30944659,-7.40925102,111.5823342,zhong_1_187,1,187,177.27273,-21.58746921,38.68320009,-13.13458156,111.5823342,zhong_1_187,3,-1.940813302,40,192.3067216,1,empty,1,1,187
-2.112974275,5.504800563,-5.818089658,115.0192909,zhong_1_188,1,188,218.18181,-21.94571983,26.20466849,-12.69401332,115.0192909,zhong_1_188,-7,-3.193970024,30,220.7670796,1,1,1,1,188
0.138654963,4.692913917,-4.412566269,106.9010916,zhong_3_189,3,189,150,0.467960499,10.55905631,-6.618849404,106.9010916,zhong_3_189,38,-0.311490892,7,190.7693046,3,1,3,3,189
7.68417751,-7.006473527,-17.82345878,132.5755052,zhong_4_190,4,190,68.18182,2.435584257,-3.257141793,-12.15235858,132.5755052,zhong_4_190,-48,-1.724595333,80,92.30722637,4,3,4,4,190
65.35909068,-42.0774422,-24.67324718,122.1592814,zhong_3_192,3,192,68.18181,20.71627081,-19.56078972,-16.82266652,122.1592814,zhong_3_192,-40,-3.34212955,80,68.90435208,3,4,3,3,192
2.698692922,-8.921454048,8.132349882,117.5044135,zhong_1_195,1,195,122.72727,4.988577127,-13.43747874,9.980610997,117.5044135,zhong_1_195,-11,-1.356722744,60,130.7685707,1,empty,1,1,195
-1.334364764,0.074799914,-5.786117172,119.1163668,zhong_4_196,4,196,109.09091,-1.732368422,0.089018081,-6.312127877,119.1163668,zhong_4_196,-5,-2.344808115,15,112.5387297,4,1,4,4,196
-15.45811173,42.11760467,-34.39034935,122.84576,zhong_2_198,2,198,177.27272,-86.11566647,132.3571724,-60.96470771,122.84576,zhong_2_198,-7,-2.28299463,40,193.5581661,2,empty,2,2,198
-4.690381523,21.4839495,-29.99222383,117.4681526,zhong_2_199,2,199,190.90909,-32.63532882,78.30100529,-57.25788158,117.4681526,zhong_2_199,28,-3.725245336,21,212.567469,2,2,2,2,199
17.99402018,-43.14449065,19.22239308,111.1920661,zhong_3_201,3,201,81.81819,9.855480577,-28.88185489,15.7274141,111.1920661,zhong_3_201,-1,11.16602004,8,99.99949523,3,empty,3,3,201
180.9075664,-197.5843592,60.10129912,125.632963,zhong_4_203,4,203,54.54546,29.35841177,-58.78544094,32.78253007,125.632963,zhong_4_203,-100,2.841009885,60,57.69201648,4,3,4,4,203
-37.31452046,57.40390318,-19.40331535,125.4804362,zhong_3_204,3,204,136.36363,-94.6179481,106.7427852,-26.45906515,125.4804362,zhong_3_204,-20,-1.840445227,80,138.162438,3,4,3,3,204
-33.81052199,77.44894564,-63.58407559,125.5110235,zhong_3_207,3,207,109.09091,-43.89525429,92.17064758,-69.36444667,125.5110235,zhong_3_207,-22,-3.446871798,31,141.1264696,3,5,3,3,207
-3.366356126,2.136459772,11.09397531,104.2176841,zhong_2_209,2,209,163.63636,-14.75025366,5.720768061,18.15377738,104.2176841,zhong_2_209,-1,-2.196516926,80,166.8974595,2,3,2,2,209
-1.560434325,12.81291976,-30.43348836,116.0948565,zhong_3_210,3,210,381.81819,-86.8591027,186.7933175,-116.2005944,116.0948565,zhong_3_210,9,-4.206638506,30,386.4319956,3,2,3,3,210
-7.85438113,25.68711104,-9.576087441,101.7855156,zhong_2_211,2,211,204.54545,-67.21735845,107.4718958,-19.58745115,101.7855156,zhong_2_211,-100,14.80830995,11,213.5649758,2,3,2,2,211
-62.69563818,43.62748486,-25.97526942,109.9808993,zhong_3_213,3,213,68.18182,-19.87206948,20.28137317,-17.71041144,109.9808993,zhong_3_213,18,-2.933075566,80,122.4289945,3,empty,3,3,213
-1.040241059,8.065736294,-10.79564758,103.8730427,zhong_2_215,2,215,381.81818,-57.90336476,117.5864354,-41.21974512,103.8730427,zhong_2_215,14,-0.860283124,30,387.531453,2,5,2,2,215
0.173110966,-1.934894954,4.665727633,121.6880996,zhong_1_216,1,216,313.63636,5.340769018,-19.03312947,14.63341832,121.6880996,zhong_1_216,-1,-0.774104126,30,316.0096589,1,2,1,1,216
-18.16040959,25.53114212,-0.892855615,122.6218933,zhong_2_217,2,217,122.72727,-33.56980824,38.45496235,-1.095777322,122.6218933,zhong_2_217,-27,-0.892816717,52,130.1419352,2,1,2,2,217
10.82303856,12.53295345,-36.01280578,114.6240471,zhong_3_219,3,219,68.18182,3.430480658,5.826269995,-24.55418641,114.6240471,zhong_3_219,24,-3.978118396,80,89.28404462,3,empty,3,3,219
5.600472083,-7.998703045,5.688776577,135.4889498,zhong_4_221,4,221,136.36364,14.20104793,-14.87362216,7.757422812,135.4889498,zhong_4_221,4,1.775689151,50,192.3416545,4,5,4,4,221
11.42388772,-50.36719519,40.22151685,140.9416198,zhong_4_222,4,222,231.81818,142.3168758,-270.6716377,93.24078833,140.9416198,zhong_4_222,35,-14.48839372,10,268.9016212,4,4,4,4,222
-10.53263166,19.50936244,-13.45490872,116.5529274,zhong_2_224,2,224,136.36363,-26.70745821,36.27773669,-18.34760195,116.5529274,zhong_2_224,-12,-2.83525035,70,184.6800736,2,4,2,2,224
-17.50798296,47.62368369,-44.29097431,115.923891,zhong_2_225,2,225,109.09091,-22.7301242,56.67612038,-48.31742692,115.923891,zhong_2_225,98,-16.87746378,14,130.7333642,2,2,2,2,225
-9.283707169,-3.663745442,27.31080521,103.4831466,zhong_2_227,2,227,95.45455,-8.07442002,-3.338247714,26.06940621,103.4831466,zhong_2_227,-8,-1.905959814,80,98.74029339,2,2,2,2,227
222.5846272,-164.1004895,12.4119879,113.6768952,zhong_3_230,3,230,40.9091,15.23894641,-27.46311065,5.077632542,113.6768952,zhong_3_230,99,-6.205743107,59,48.0766804,3,empty,3,3,230
0.882704564,0.325924242,3.453685865,101.6491008,zhong_2_232,2,232,218.18181,9.16792376,1.551507018,7.535314331,101.6491008,zhong_2_232,14,-1.20362472,30,230.3019105,2,5,2,2,232
-0.541017903,-0.916045932,12.21321354,119.8517962,zhong_1_233,1,233,190.90909,-3.764362683,-3.338646714,23.31613483,119.8517962,zhong_1_233,-41,7.736683168,11,199.3749113,1,2,1,1,233
-20.63335653,45.80813499,-29.70920861,144.122091,zhong_3_235,3,235,68.18182,-6.539968431,21.29510521,-20.25627914,144.122091,zhong_3_235,-3,1.301005164,67,75.04345643,3,empty,3,3,235
22.65453162,-50.23868076,44.46497245,138.0628292,zhong_4_236,4,236,136.36364,57.44481618,-93.41903946,60.63405496,138.0628292,zhong_4_236,-11,4.165020132,41,146.3111274,4,3,4,4,236
338.8118029,-285.3276975,41.69933893,128.8780485,zhong_3_238,3,238,54.54545,54.98371987,-84.89087107,22.74509207,128.8780485,zhong_3_238,99,-2.713952215,80,59.38699245,3,empty,3,3,238
-2.803524471,2.973947849,0.14923539,139.7755054,zhong_4_241,4,241,150,-9.461895088,6.691382661,0.223853086,139.7755054,zhong_4_241,-11,1.123523141,80,155.4227629,4,5,4,4,241
-10.47566988,11.83848439,-11.75209072,138.2517392,zhong_4_242,4,242,163.63637,-45.90091198,31.69974579,-19.23069466,138.2517392,zhong_4_242,-47,-3.151479313,41,167.3068478,4,4,4,4,242
-62.03944801,177.3463673,-142.3033187,159.3455152,zhong_2_245,2,245,177.27272,-345.6158493,557.321906,-252.2649636,159.3455152,zhong_2_245,-47,0.095026381,25,186.2220671,2,5,2,2,245
-4.586416994,11.21855546,-7.060934727,122.2619029,zhong_2_246,2,246,190.90909,-31.9119513,40.88746206,-13.47996623,122.2619029,zhong_2_246,-11,-1.53678244,40,201.5622703,2,2,2,2,246
-13.57354444,22.49851178,-11.92045011,117.000381,zhong_3_247,3,247,122.72728,-25.09092062,33.88722527,-14.62964419,117.000381,zhong_3_247,0,-1.956377467,28,125.4099532,3,2,3,3,247
-14.19512203,10.51346735,8.802179717,115.9139174,zhong_1_249,1,249,109.0909,-18.42912452,12.51189295,9.602377073,115.9139174,zhong_1_249,-27,-1.979861878,66,119.8821263,1,empty,1,1,249
9.26898366,-0.93495148,-20.78017998,113.7750929,zhong_3_251,3,251,81.81818,5.076700705,-0.625876582,-17.00196506,113.7750929,zhong_3_251,7,-3.794399041,70,110.4462036,3,empty,3,3,251
-32.70134382,64.43055112,-29.97984658,114.4772373,zhong_2_252,2,252,95.45455,-28.44169688,58.70635485,-28.61712764,114.4772373,zhong_2_252,7,-1.794809119,60,116.9969069,2,3,2,2,252
3.916930771,-21.87882419,8.476350451,116.2540372,zhong_3_253,3,253,163.63636,17.16268876,-58.58461755,13.87039134,116.2540372,zhong_3_253,99,-7.801474882,21,166.0470564,3,2,3,3,253
-20.24296726,21.45768681,-0.056035305,126.3246506,zhong_2_256,2,256,95.45454,-17.60613145,19.55131984,-0.053488243,126.3246506,zhong_2_256,-27,-0.748660614,80,111.9791906,2,empty,2,2,256
159.2249689,-163.0562137,19.77371367,116.2595344,zhong_3_258,3,258,54.54545,25.83965792,-48.51258443,10.7856611,116.2595344,zhong_3_258,-8,-3.281918356,70,92.9148612,3,2,3,3,258
-93.08875455,128.6557452,-47.93501912,135.0980084,zhong_1_261,1,261,68.18182,-29.50550073,59.80897566,-32.68296845,135.0980084,zhong_1_261,-21,0.390453911,80,97.67593437,1,5,1,1,261
-4.958876439,15.39208801,-8.389459317,135.9983205,zhong_1_262,1,262,231.81818,-61.77685039,82.71657087,-19.4482919,135.9983205,zhong_1_262,2,1.684539399,60,235.421433,1,1,1,1,262
12.77853903,-28.8898883,-0.226561445,141.4261831,zhong_4_264,4,264,150,43.12756922,-65.00224867,-0.339842167,141.4261831,zhong_4_264,52,-4.796190858,22,157.6915117,4,1,4,4,264
-7.861706841,12.67467278,4.326382319,118.5152546,zhong_2_265,2,265,150,-26.53326059,28.51801376,6.489573478,118.5152546,zhong_2_265,-74,3.657061586,19,158.9584723,2,4,2,2,265
127.8463463,-135.6427254,15.15212873,118.1310081,zhong_3_267,3,267,54.54545,20.7474109,-40.3565066,8.264796802,118.1310081,zhong_3_267,79,-6.641501199,49,60.78864895,3,2,3,3,267
-0.794483908,24.45265861,-49.17259297,125.7529235,zhong_3_269,3,269,136.36364,-2.014563038,45.46982216,-67.05353766,125.7529235,zhong_3_269,79,-15.85104659,14,152.6038719,3,5,3,3,269
-1.535606837,7.006093018,-0.563815748,104.8557264,zhong_2_270,2,270,204.54545,-13.14163821,29.31268126,-1.153259459,104.8557264,zhong_2_270,8,-1.42803504,40,206.3693034,2,3,2,2,270
4.085987672,-3.242645301,-18.92003231,118.9654364,zhong_3_271,3,271,150,13.79020839,-7.295951927,-28.38004847,118.9654364,zhong_3_271,38,-4.036800477,37,163.7526576,3,2,3,3,271
0.813200595,-16.47300288,19.73632642,126.6356984,zhong_2_273,2,273,109.09091,1.05575557,-19.60423516,21.53053809,126.6356984,zhong_2_273,-18,0.2214223,80,113.2712352,2,empty,2,2,273
-18.22822955,8.642929457,1.908470377,129.7942025,zhong_3_274,3,274,122.72727,-33.69517451,13.01796548,2.342213592,129.7942025,zhong_3_274,-39,-2.022694368,71,124.9918436,3,2,3,3,274
-68.20415934,133.0609756,-66.18289425,144.2959703,zhong_4_277,4,277,122.72727,-126.0764819,200.4162126,-81.22445932,144.2959703,zhong_4_277,59,0.669572616,43,136.2944251,4,empty,4,4,277
-5.679857071,17.93116434,-14.93470362,136.8604532,zhong_4_278,4,278,272.72728,-115.2187477,133.3723039,-40.73101096,136.8604532,zhong_4_278,-8,-0.755316326,50,282.9413574,4,4,4,4,278
-14.31544271,34.55015641,-18.87093289,118.6889892,zhong_2_281,2,281,136.36364,-36.29949136,64.24616204,-25.733091,118.6889892,zhong_2_281,-11,-1.708269877,50,159.1249463,2,empty,2,2,281
-1.811609737,12.91681264,-22.9546775,119.3594612,zhong_2_283,2,283,272.72727,-36.74940753,96.07546402,-62.60366529,119.3594612,zhong_2_283,40,-2.617991693,16,273.0712693,2,2,2,2,283
-8.459547515,-4.055385285,23.37284474,115.7330838,zhong_2_284,2,284,122.72727,-15.63760919,-6.108214342,28.68485428,115.7330838,zhong_2_284,-15,-0.793465382,24,129.5719277,2,2,2,2,284
61.26883872,-79.35774711,1.742192557,123.4849874,zhong_3_286,3,286,95.45454,53.28799945,-72.30736049,1.663001892,123.4849874,zhong_3_286,74,-9.572404346,26,98.1418665,3,2,3,3,286
1.599425518,-4.40562359,11.28041547,106.2427314,zhong_2_288,2,288,259.09091,27.81765713,-29.57411393,29.2265311,106.2427314,zhong_2_288,9,0.319561926,30,267.8747103,2,5,2,2,288
-1.193463514,16.71120148,-47.30626253,136.423017,zhong_3_289,3,289,286.36364,-28.02610656,137.038761,-135.4679353,136.423017,zhong_3_289,-80,-4.859065226,29,287.6568845,3,2,3,3,289
-29.01123902,51.60506794,-5.118283949,107.0763059,zhong_2_290,2,290,150,-97.9129317,116.1114029,-7.677425923,107.0763059,zhong_2_290,-8,-1.256380257,80,159.5763487,2,3,2,2,290
47.64733593,-57.75209965,1.7726941,118.6317725,zhong_3_292,3,292,95.45454,41.4408248,-52.62122528,1.692116999,118.6317725,zhong_3_292,78,-10.15589584,19,128.1317388,3,2,3,3,292
-4.345137903,-32.5285275,4.9465626,113.9865069,zhong_3_295,3,295,68.18181,-1.377238462,-15.1217292,3.372655913,113.9865069,zhong_3_295,-17,-3.327625031,80,108.2207979,3,empty,3,3,295
2.550681294,-1.544765261,2.962637262,101.0329767,zhong_2_297,2,297,163.63637,11.1762397,-4.136396559,4.847952071,101.0329767,zhong_2_297,18,-2.166448038,60,166.6694683,2,5,2,2,297
-1.119131282,-9.973438968,24.96720046,112.9802768,zhong_4_298,4,298,177.27272,-6.23457366,-31.34214757,44.26003537,112.9802768,zhong_4_298,-17,-1.26063351,50,180.6131202,4,2,4,4,298
2.58105869,-9.160109105,-2.273965327,129.072634,zhong_4_300,4,300,245.45454,38.1690269,-55.18776232,-5.581551133,129.072634,zhong_4_300,-25,-4.147546402,30,298.5485574,4,5r,4,4,300
5.2342684,-14.29981046,-0.760921198,112.3311456,zhong_4_301,4,301,150,17.66565585,-32.17457353,-1.141381797,112.3311456,zhong_4_301,5,-1.151238463,20,967.9156008,4,4,4,4,301
13.54658207,-58.1563425,60.52047126,111.7389173,zhong_2_302,2,302,122.72728,25.04108023,-87.59499733,74.27512823,111.7389173,zhong_2_302,-13,-0.108510178,57,125.0172085,2,4,2,2,302
104.9901194,-121.2118554,16.26020389,115.592201,zhong_3_304,3,304,68.18182,33.27776871,-56.34848952,11.08650295,115.592201,zhong_3_304,17,-2.346227207,80,114.2392506,3,2,3,3,304
-10.03159514,10.02608825,0.56445519,121.7270587,zhong_2_308,2,308,122.72727,-18.54356442,15.10127688,0.692740445,121.7270587,zhong_2_308,-11,-0.970235223,70,134.6147051,2,5,2,2,308
42.59824379,-124.1441859,86.68442714,120.0884007,zhong_4_309,4,309,163.63636,186.6513458,-332.4191275,141.8472413,120.0884007,zhong_4_309,-34,-2.720936698,80,170.5392421,4,2,4,4,309
16.9285308,-19.71643397,7.06347504,117.6164582,zhong_2_310,2,310,109.09091,21.97783769,-23.46418628,7.705609198,117.6164582,zhong_2_310,-2,-0.864658218,80,115.1473756,2,4,2,2,310
-9.612460232,15.4231268,-0.268182897,123.3285206,zhong_1_311,1,311,136.36364,-24.37419675,28.67936954,-0.36570396,123.3285206,zhong_1_311,1,-0.006481533,76,149.3589341,1,2,1,1,311
-20.8501732,38.51470723,-55.18143544,139.8979468,zhong_4_314,4,314,95.45454,-18.13424313,35.09294204,-52.67318537,139.8979468,zhong_4_314,-43,-4.648075595,20,144.4784216,4,empty,4,4,314
-9.082145277,19.41538533,-28.57694418,113.1494024,zhong_4_315,4,315,122.72728,-16.78849524,29.24342475,-35.0717063,113.1494024,zhong_4_315,-19,-5.231167331,80,172.698677,4,4,4,4,315
128.4923409,-169.1543387,72.06551332,110.385207,zhong_3_317,3,317,54.54546,20.85225692,-50.32692076,39.30846574,110.385207,zhong_3_317,-61,5.560935546,53,66.26839323,3,empty,3,3,317
-31.29889559,98.17657813,-86.64691128,171.2146932,zhong_4_319,4,319,81.81819,-17.14267598,65.72152413,-70.8929345,171.2146932,zhong_4_319,-42,1.071497299,49,89.10541034,4,3,4,4,319
366.7876208,-274.6714233,18.39119031,129.0300445,zhong_3_321,3,321,40.90909,25.11158506,-45.96773616,7.523668595,129.0300445,zhong_3_321,94,-4.861688888,70,47.8303785,3,empty,3,3,321
11.6332808,-10.63405776,-0.835105634,127.1000887,zhong_4_325,4,325,95.45454,10.11793717,-9.689295321,-0.797146241,127.1000887,zhong_4_325,-12,-0.276471216,80,101.9225624,4,5,4,4,325
-2.220647191,2.224259887,7.00149975,127.5550071,zhong_1_326,1,326,204.54545,-19.0041756,9.306045602,14.32124917,127.5550071,zhong_1_326,2,1.051905675,60,219.4275709,1,4,1,1,326
-0.243409171,2.613559856,-17.80632636,141.1607268,zhong_4_328,4,328,518.18182,-33.86752452,70.17732257,-92.26914603,141.1607268,zhong_4_328,-12,-6.546728347,20,539.9713233,4,empty,4,4,328